Company,Domain,Fit,Country,Apollo said,People found
Advance CM,advance.cm,3,,thin,0
Astra Link,myastralink.com,3,,thin,0
Availroom,availroom.com,3,ES,completed,2
DingDanDao,dingdandao.com,3,CN,thin,0
FlexIN?????????,jsk.co.jp,3,JP,thin,0
GoToCheck PRO,gotocheck.pro,3,ES,thin,0
Hello Guest Screen,helloguestscreen.com,3,US,thin,0
keyWe,keywe.cloud,3,,thin,0
KIO Home,usekio.com,3,,thin,0
Lokcom Networks,lokcom.net,3,GB,thin,0
maneKEY??????,manekey.com,3,JP,thin,0
MujInn,mujinn.com,3,JP,thin,0
my-bookings,my-bookings.org,3,AT,thin,1
SmartInn????????,biz.smart-inn.co.jp,3,JP,thin,0
STAYmyway,lockup-desk.com,3,ES,thin,0
STR TV,strtv.com,3,,thin,0
SuperSight,supersight.io,3,ZA,completed,2
ThreeAngular,threeangular.com,3,ES,thin,0
TMRW,tmrw.life,3,MT,thin,0
WebRezPro,webrezpro.com,3,CA,thin,0
Welcora,welcora.com,3,US,thin,1
2 reserve,2reserve.ch,2,CH,thin,0
AllStay.ai,allstay.ai,2,US,thin,0
Baoyu,bypms.cn,2,CN,thin,0
BBplanner,bbplanner.com,2,IT,thin,0
Beddzle,bedzzle.it,2,IT,thin,0
BnBSuite,bnbsuite.com,2,IT,thin,0
Breezy Pay,breezypay.net,2,US,completed,3
Brightside,bookonthebrightside.com,2,US,thin,0
CabinKey,cabinkeyapp.com,2,,thin,0
CiaoBooking,ciaobooking.com,2,IT,thin,1
CleanHaus,cleanhaus.ai,2,US,completed,4
DirectBookings,directbookinghost.com,2,,thin,0
Direct Rental,directrental.uk,2,,thin,0
eZee Technosys,yanoljacloudsolution.com,2,,thin,0
freeonlinebooking,freeonlinebooking.com,2,GB,thin,1
Gohosty,gohosty.com,2,CA,thin,0
Guarded Horizons Inc.,securemysanity.com,2,,thin,0
GuestBell,guestbell.com,2,US,thin,0
Guesty Lite,guestylite.com,2,,thin,0
HomeFeelio,homefeelio.com,2,DE,thin,0
Hosty,hostyapp.com,2,,thin,0
HotelBee,hotelbee.co,2,,thin,0
hotelgest,hotelgest.com,2,AD,completed,3
Hoteliga,hoteliga.com,2,GR,completed,3
Hotel in Cloud,hotelincloud.com,2,IT,thin,0
Kigo,kigo.net,2,ES,thin,0
Locac.io,locac.io,2,,thin,0
LodgeGate,lodgegate.com,2,NL,completed,2
Magarental,magarental.com,2,,thin,0
Magellano,mainapps.com,2,IT,thin,0
MyCribb,mycribb.co,2,NG,thin,1
Netbookings,netbookings.com.au,2,AU,thin,0
NOBEDS,nobeds.com,2,,thin,0
OneRooftop,onerooftop.com,2,,completed,4
Parking Monitor,parking-monitor.ca,2,CA,thin,0
Partee,partee.es,2,,thin,0
Properly,getproperly.com,2,,thin,0
Propzie,propzie.com,2,US,thin,0
Qloapps,qloapps.com,2,,thin,0
REI Master Pty Ltd,reimaster.com.au,2,AU,completed,4
Rentipro,rentipro.com,2,,thin,0
RezEasy,rezeasy.net,2,,thin,0
Roomify,roomify.software,2,US,thin,0
roommaster,roommaster.com,2,,thin,0
Roovo,roovo.in,2,IN,thin,0
RPM Pro,rpm-pro.com,2,,thin,1
Scidoo,scidoo.com,2,IT,thin,0
Smartiz,smartiz.ai,2,CH,completed,2
SmilingHouse,smilinghouse.ch,2,CH,thin,0
Stardekk,stardekk.eu,2,BE,completed,5
Starfleet,starfleet-software.com.au,2,AU,thin,0
Sympl,sympl.cm,2,,thin,0
TCS Reservations,reservationsbytcs.com,2,,thin,0
TurnMyBnB,turnmybnb.com,2,,thin,0
Vacation RentPro,vacationrentpro.com,2,US,thin,0
vOffice,v-office.io,2,,thin,0
VRBookings,vrbookings.com,2,IT,completed,5
Ynnov,ynnov.pt,2,PT,completed,2
YourRentl,yourrentl.com,2,GB,completed,3
Zenya,zenya.io,2,,completed,7
BedPlus,bedplus.co,1,,thin,0
bnbgenius.ai,bnbgenius.ai,1,,thin,0
Booking Ready,bookingready.com,1,US,thin,0
Digicheckins,digicheckins.com,1,,thin,0
Flarbo,floridarentalbyowners.com,1,CA,thin,0
GuestAdmin,guestadmin.io,1,ES,thin,1
GuestVerify,guestverify.se,1,SE,thin,0
Hangeh,hangeh.com,1,,thin,0
Hinfo,hinfo.com,1,AU,thin,0
inCheckin,incheckin.hr,1,HR,thin,0
Know Your Guests,knowyourguests.co,1,AU,thin,0
Lobby,staylobby.com,1,,completed,2
Mila Concierge,milaconcierge.com,1,,thin,0
The STR Project,thestrproject.com,1,US,thin,0
Unlocker,unlocker.io,1,FR,completed,9
Wayhome,rentwayhome.com,1,US,thin,0
Zugrow,zugrow.com,1,GB,thin,0
